{
  "01_handshake": {
    "initiator": {
      "classical": {
        "samples": [
          620227.0,
          618876.0,
          598501.0,
          587615.0,
          605037.0,
          586933.0,
          627128.0,
          573178.0,
          615274.0,
          573078.0
        ],
        "summary": {
          "ci_95": [
            588944.2032758108,
            612225.1967241891
          ],
          "count": 10,
          "cv": 0.03127095735695909,
          "max": 627128.0,
          "mean": 600584.7,
          "median": 605037.0,
          "min": 573078.0,
          "ops_per_sec": 1665.044081209528,
          "p25": 586933.0,
          "p5": 573078.0,
          "p50": 605037.0,
          "p75": 618876.0,
          "p95": 627128.0,
          "p99": 627128.0,
          "std_dev": 18780.858542942067
        }
      },
      "pq": {
        "samples": [
          1200916.0,
          1175682.0,
          1177350.0,
          1217050.0,
          1237471.0,
          2888271.0,
          1429840.0,
          1286161.0,
          1196314.0,
          1182232.0
        ],
        "summary": {
          "ci_95": [
            1088166.4373004008,
            1710090.962699599
          ],
          "count": 10,
          "cv": 0.35858651307977124,
          "max": 2888271.0,
          "mean": 1399128.7,
          "median": 1217050.0,
          "min": 1175682.0,
          "ops_per_sec": 714.7305319374836,
          "p25": 1182232.0,
          "p5": 1175682.0,
          "p50": 1217050.0,
          "p75": 1286161.0,
          "p95": 2888271.0,
          "p99": 2888271.0,
          "std_dev": 501708.6818828333
        }
      }
    },
    "responder": {
      "classical": {
        "samples": [
          561347.0,
          568218.0,
          558418.0,
          597724.0,
          542027.0,
          584738.0,
          542415.0,
          582312.0,
          577767.0,
          557152.0
        ],
        "summary": {
          "ci_95": [
            556403.8890706738,
            578019.7109293262
          ],
          "count": 10,
          "cv": 0.030742588251558813,
          "max": 597724.0,
          "mean": 567211.8,
          "median": 568218.0,
          "min": 542027.0,
          "ops_per_sec": 1763.0098668610208,
          "p25": 557152.0,
          "p5": 542027.0,
          "p50": 568218.0,
          "p75": 582312.0,
          "p95": 597724.0,
          "p99": 597724.0,
          "std_dev": 17437.558818825528
        }
      },
      "pq": {
        "samples": [
          1201897.0,
          1200473.0,
          1197004.0,
          1211033.0,
          1386394.0,
          4333303.0,
          4880628.0,
          1266843.0,
          1210326.0,
          1580541.0
        ],
        "summary": {
          "ci_95": [
            1115954.197735271,
            2777734.202264729
          ],
          "count": 10,
          "cv": 0.6885829490207287,
          "max": 4880628.0,
          "mean": 1946844.2,
          "median": 1266843.0,
          "min": 1197004.0,
          "ops_per_sec": 513.6517857977541,
          "p25": 1201897.0,
          "p5": 1197004.0,
          "p50": 1266843.0,
          "p75": 1580541.0,
          "p95": 4880628.0,
          "p99": 4880628.0,
          "std_dev": 1340563.7205199013
        }
      }
    },
    "roundtrip": {
      "classical": {
        "samples": [
          1181574.0,
          1187094.0,
          1156919.0,
          1185339.0,
          1147064.0,
          1171671.0,
          1169543.0,
          1155490.0,
          1193041.0,
          1130230.0
        ],
        "summary": {
          "ci_95": [
            1155977.6064883799,
            1179615.3935116201
          ],
          "count": 10,
          "cv": 0.01632877403136158,
          "max": 1193041.0,
          "mean": 1167796.5,
          "median": 1171671.0,
          "min": 1130230.0,
          "ops_per_sec": 856.3135786072316,
          "p25": 1155490.0,
          "p5": 1130230.0,
          "p50": 1171671.0,
          "p75": 1185339.0,
          "p95": 1193041.0,
          "p99": 1193041.0,
          "std_dev": 19068.685163114944
        }
      },
      "pq": {
        "samples": [
          2402813.0,
          2376155.0,
          2374354.0,
          2428083.0,
          2623865.0,
          7221574.0,
          6310468.0,
          2553004.0,
          2406640.0,
          2762773.0
        ],
        "summary": {
          "ci_95": [
            2276059.0857988633,
            4415886.7142011365
          ],
          "count": 10,
          "cv": 0.5159056741219462,
          "max": 7221574.0,
          "mean": 3345972.9,
          "median": 2553004.0,
          "min": 2374354.0,
          "ops_per_sec": 298.86673618904683,
          "p25": 2402813.0,
          "p5": 2374354.0,
          "p50": 2553004.0,
          "p75": 2762773.0,
          "p95": 7221574.0,
          "p99": 7221574.0,
          "std_dev": 1726206.404568263
        }
      }
    }
  },
  "_system_info": {
    "arch": "x86_64",
    "bench_version": "0.2.0",
    "os": "linux",
    "rustc": "0.2.0"
  }
}