{
  "05_encrypt_decrypt": {
    "1024B": {
      "decrypt": {
        "classical": {
          "summary": {
            "count": 100,
            "cv": 0.32437065696598477,
            "max": 118810.0,
            "mean": 53706.32,
            "median": 45330.0,
            "min": 44330.0,
            "p50": 45330.0,
            "p95": 92784.0,
            "p99": 111680.0,
            "std_dev": 17420.754301625406
          }
        },
        "pq": {
          "summary": {
            "count": 100,
            "cv": 0.29730044860457244,
            "max": 119690.0,
            "mean": 52415.54,
            "median": 45354.0,
            "min": 44320.0,
            "p50": 45354.0,
            "p95": 83724.0,
            "p99": 117160.0,
            "std_dev": 15583.163555850912
          }
        }
      },
      "encrypt": {
        "classical": {
          "summary": {
            "count": 100,
            "cv": 0.18558033029683785,
            "max": 210365.0,
            "mean": 128722.81,
            "median": 114640.0,
            "min": 112530.0,
            "p50": 114640.0,
            "p95": 178170.0,
            "p99": 194373.0,
            "std_dev": 23888.4215965371
          }
        },
        "pq": {
          "summary": {
            "count": 100,
            "cv": 0.22026512911701002,
            "max": 293838.0,
            "mean": 129509.23,
            "median": 114747.0,
            "min": 112535.0,
            "p50": 114747.0,
            "p95": 174401.0,
            "p99": 246490.0,
            "std_dev": 28526.367267794547
          }
        }
      }
    },
    "256B": {
      "decrypt": {
        "classical": {
          "summary": {
            "count": 100,
            "cv": 0.2984566808993384,
            "max": 91275.0,
            "mean": 36130.56,
            "median": 31792.0,
            "min": 31164.0,
            "p50": 31792.0,
            "p95": 58632.0,
            "p99": 78797.0,
            "std_dev": 10783.407016634399
          }
        },
        "pq": {
          "summary": {
            "count": 100,
            "cv": 0.33122736826003285,
            "max": 95304.0,
            "mean": 37033.53,
            "median": 31876.0,
            "min": 31230.0,
            "p50": 31876.0,
            "p95": 59186.0,
            "p99": 80867.0,
            "std_dev": 12266.518679278974
          }
        }
      },
      "encrypt": {
        "classical": {
          "summary": {
            "count": 100,
            "cv": 0.24453885057390654,
            "max": 257607.0,
            "mean": 114000.13,
            "median": 97676.0,
            "min": 95907.0,
            "p50": 97676.0,
            "p95": 163104.0,
            "p99": 192020.0,
            "std_dev": 27877.46075547592
          }
        },
        "pq": {
          "summary": {
            "count": 100,
            "cv": 0.1823211540402129,
            "max": 158980.0,
            "mean": 111651.84,
            "median": 98431.0,
            "min": 96220.0,
            "p50": 98431.0,
            "p95": 149484.0,
            "p99": 158280.0,
            "std_dev": 20356.492319513203
          }
        }
      }
    },
    "64B": {
      "decrypt": {
        "classical": {
          "summary": {
            "count": 100,
            "cv": 0.3607944505991861,
            "max": 105947.0,
            "mean": 31047.2,
            "median": 27367.0,
            "min": 27036.0,
            "p50": 27367.0,
            "p95": 51717.0,
            "p99": 73540.0,
            "std_dev": 11201.65746664305
          }
        },
        "pq": {
          "summary": {
            "count": 100,
            "cv": 0.3259733613915417,
            "max": 76337.0,
            "mean": 31336.99,
            "median": 27540.0,
            "min": 27054.0,
            "p50": 27540.0,
            "p95": 53848.0,
            "p99": 73544.0,
            "std_dev": 10215.023966193128
          }
        }
      },
      "encrypt": {
        "classical": {
          "summary": {
            "count": 100,
            "cv": 0.22428435987937154,
            "max": 203377.0,
            "mean": 105382.31,
            "median": 91804.0,
            "min": 90971.0,
            "p50": 91804.0,
            "p95": 156283.0,
            "p99": 178975.0,
            "std_dev": 23635.603940959492
          }
        },
        "pq": {
          "summary": {
            "count": 100,
            "cv": 0.23156334845942889,
            "max": 184332.0,
            "mean": 107406.15,
            "median": 92564.0,
            "min": 91160.0,
            "p50": 92564.0,
            "p95": 158147.0,
            "p99": 183893.0,
            "std_dev": 24871.327739135686
          }
        }
      }
    }
  }
}